idea,params,window,ret,mean_mo,median_mo,pct_pos,top3,gates,p2t,static,daily,n_months,trades,overlap,n_legs
baseline_vt0025,"{""add_set"": ""none"", ""clock"": ""oos_sharpe"", ""h4_share"": null, ""max_k"": null, ""recycle_cap"": 1.0, ""vt"": 0.0025, ""n_legs"": 5}",2024,0.05382729899645855,0.004216856681389925,0.0011741691302125101,0.5454545454545454,0.7412750869651012,True,0.07423982950324844,0.0438644487188285,0.02863115728790726,11,130,research/WF,5
selected,"{""add_set"": ""corr0.25_n3"", ""clock"": ""h4=0.55"", ""h4_share"": 0.55, ""max_k"": 3, ""recycle_cap"": 2.0, ""vt"": 0.0025, ""n_legs"": 8}",2024,0.34202532268537555,0.024167808205256467,0.01469685953123201,0.9090909090909091,0.5874752791748358,True,0.052390037407467845,0.0,0.0287759361523611,11,284,research/WF,8
selected_no_recycle,"{""add_set"": ""corr0.25_n3"", ""clock"": ""h4=0.55"", ""h4_share"": 0.55, ""max_k"": null, ""recycle_cap"": 1.0, ""vt"": 0.0025, ""n_legs"": 8}",2024,0.17594649183316324,0.012099202497465272,0.015658671244470845,0.7272727272727273,0.5649105319219764,True,0.05039900517700013,0.0,0.019035520052729554,11,284,research/WF,8
selected_no_clock,"{""add_set"": ""corr0.25_n3"", ""clock"": ""oos_sharpe"", ""h4_share"": null, ""max_k"": 3, ""recycle_cap"": 2.0, ""vt"": 0.0025, ""n_legs"": 8}",2024,0.3061752459566913,0.021519895656941155,0.014739052184125745,0.8181818181818182,0.6167497284518553,True,0.04690257274329434,0.0,0.0327556794186827,11,284,research/WF,8
addonly_plain,"{""add_set"": ""corr0.25_n3"", ""clock"": ""oos_sharpe"", ""h4_share"": null, ""max_k"": null, ""recycle_cap"": 1.0, ""vt"": 0.0025, ""n_legs"": 8}",2024,0.17389615849221252,0.01153181452504755,0.006354863246806675,0.8181818181818182,0.6113334414199163,True,0.05464800769881458,0.0,0.021143674739813142,11,284,research/WF,8
locked_clock_recycle,"{""add_set"": ""none"", ""clock"": ""h4=0.55"", ""h4_share"": 0.55, ""max_k"": 3, ""recycle_cap"": 2.0, ""vt"": 0.0025, ""n_legs"": 5}",2024,0.15742724067831815,0.011787691901006965,0.008720773790817038,0.7272727272727273,0.711539068373126,True,0.06358342930084473,0.02992687691849904,0.028442419075015497,11,130,research/WF,5
locked_h4_055_cap15,"{""add_set"": ""none"", ""clock"": ""h4=0.55"", ""h4_share"": 0.55, ""max_k"": null, ""recycle_cap"": 1.5, ""vt"": 0.0025, ""n_legs"": 5}",2024,0.12396597569002532,0.009654946222965477,0.009088938645904543,0.7272727272727273,0.6700507228281224,True,0.07893380926162327,0.05098758701254308,0.02771285743685905,11,130,research/WF,5
locked_h4_055_k3_cap20,"{""add_set"": ""none"", ""clock"": ""h4=0.55"", ""h4_share"": 0.55, ""max_k"": 3, ""recycle_cap"": 2.0, ""vt"": 0.0025, ""n_legs"": 5}",2024,0.15742724067831815,0.011787691901006965,0.008720773790817038,0.7272727272727273,0.711539068373126,True,0.06358342930084473,0.02992687691849904,0.028442419075015497,11,130,research/WF,5
locked_oos_cap15,"{""add_set"": ""none"", ""clock"": ""oos_sharpe"", ""h4_share"": null, ""max_k"": null, ""recycle_cap"": 1.5, ""vt"": 0.0025, ""n_legs"": 5}",2024,0.10951559085341178,0.008589209702536516,0.005442570234329036,0.7272727272727273,0.759422993151661,True,0.08045987401602941,0.05160148406914828,0.030215793185309304,11,130,research/WF,5
add_gbpjpy_plain,"{""add_set"": ""corr0.25_n1"", ""clock"": ""oos_sharpe"", ""h4_share"": null, ""max_k"": null, ""recycle_cap"": 1.0, ""vt"": 0.0025, ""n_legs"": 6}",2024,0.15331040943932894,0.00965300160398309,0.008743911575840757,0.7272727272727273,0.687428896036294,True,0.05863460987909535,0.0,0.02320120742674757,11,187,research/WF,6
add_gbpjpy_cap15,"{""add_set"": ""corr0.25_n1"", ""clock"": ""oos_sharpe"", ""h4_share"": null, ""max_k"": null, ""recycle_cap"": 1.5, ""vt"": 0.0025, ""n_legs"": 6}",2024,0.22937030520575696,0.01546867029436287,0.014601584847777627,0.8181818181818182,0.6658817739305075,True,0.06893140539375427,0.0,0.033429357388616625,11,187,research/WF,6
baseline_vt0025,"{""add_set"": ""none"", ""clock"": ""oos_sharpe"", ""h4_share"": null, ""max_k"": null, ""recycle_cap"": 1.0, ""vt"": 0.0025, ""n_legs"": 5}",2025,0.21990836080444787,0.016277853185413717,0.009973475078900895,0.7272727272727273,0.6925774266330262,True,0.038581414983391585,0.011783053761726187,0.03580911353553616,11,74,mixed,5
selected,"{""add_set"": ""corr0.25_n3"", ""clock"": ""h4=0.55"", ""h4_share"": 0.55, ""max_k"": 3, ""recycle_cap"": 2.0, ""vt"": 0.0025, ""n_legs"": 8}",2025,0.029958232459243117,0.0018447799997343038,0.002491858721914264,0.5454545454545454,0.7421979796100093,True,0.09149220998568561,0.013668576551115693,0.029699384652753652,11,195,mixed,8
selected_no_recycle,"{""add_set"": ""corr0.25_n3"", ""clock"": ""h4=0.55"", ""h4_share"": 0.55, ""max_k"": null, ""recycle_cap"": 1.0, ""vt"": 0.0025, ""n_legs"": 8}",2025,0.07270670202549279,0.004513204175910693,0.004960749158197997,0.7272727272727273,0.6922819791442487,True,0.04072263753953927,0.007165122638262255,0.02022864922027613,11,195,mixed,8
selected_no_clock,"{""add_set"": ""corr0.25_n3"", ""clock"": ""oos_sharpe"", ""h4_share"": null, ""max_k"": 3, ""recycle_cap"": 2.0, ""vt"": 0.0025, ""n_legs"": 8}",2025,0.0455078289486921,0.0036549793110469482,0.008048840546581282,0.6363636363636364,0.6248134227489194,True,0.10996089159293293,0.0165502871188322,0.036317119465303985,11,195,mixed,8
addonly_plain,"{""add_set"": ""corr0.25_n3"", ""clock"": ""oos_sharpe"", ""h4_share"": null, ""max_k"": null, ""recycle_cap"": 1.0, ""vt"": 0.0025, ""n_legs"": 8}",2025,0.08317381748518349,0.005348549028191888,0.009931912487234351,0.7272727272727273,0.6809831236239644,True,0.04740180384295081,0.008684192902913055,0.02494115659272633,11,195,mixed,8
locked_clock_recycle,"{""add_set"": ""none"", ""clock"": ""h4=0.55"", ""h4_share"": 0.55, ""max_k"": 3, ""recycle_cap"": 2.0, ""vt"": 0.0025, ""n_legs"": 5}",2025,0.22795234962825295,0.018621563545830746,0.00906953839362079,0.7272727272727273,0.7284783540154653,True,0.046108192104678355,0.0271189980855443,0.04443542370378331,11,74,mixed,5
locked_h4_055_cap15,"{""add_set"": ""none"", ""clock"": ""h4=0.55"", ""h4_share"": 0.55, ""max_k"": null, ""recycle_cap"": 1.5, ""vt"": 0.0025, ""n_legs"": 5}",2025,0.20626470266401453,0.016283747030486163,0.00683704806234986,0.8181818181818182,0.7215377768626887,True,0.03927826782378817,0.015366246031412739,0.03446298507672836,11,74,mixed,5
locked_h4_055_k3_cap20,"{""add_set"": ""none"", ""clock"": ""h4=0.55"", ""h4_share"": 0.55, ""max_k"": 3, ""recycle_cap"": 2.0, ""vt"": 0.0025, ""n_legs"": 5}",2025,0.22795234962825295,0.018621563545830746,0.00906953839362079,0.7272727272727273,0.7284783540154653,True,0.046108192104678355,0.0271189980855443,0.04443542370378331,11,74,mixed,5
locked_oos_cap15,"{""add_set"": ""none"", ""clock"": ""oos_sharpe"", ""h4_share"": null, ""max_k"": null, ""recycle_cap"": 1.5, ""vt"": 0.0025, ""n_legs"": 5}",2025,0.2414483355184398,0.019285970569601695,0.01024800182668173,0.8181818181818182,0.6980167953487368,True,0.03439008024647141,0.016003392375817785,0.04261297521087035,11,74,mixed,5
add_gbpjpy_plain,"{""add_set"": ""corr0.25_n1"", ""clock"": ""oos_sharpe"", ""h4_share"": null, ""max_k"": null, ""recycle_cap"": 1.0, ""vt"": 0.0025, ""n_legs"": 6}",2025,0.12018102812654008,0.008477041107522777,0.013108223197479507,0.7272727272727273,0.6191273110242231,True,0.05437631381709302,0.00998810066077349,0.02982346604574341,11,137,mixed,6
add_gbpjpy_cap15,"{""add_set"": ""corr0.25_n1"", ""clock"": ""oos_sharpe"", ""h4_share"": null, ""max_k"": null, ""recycle_cap"": 1.5, ""vt"": 0.0025, ""n_legs"": 6}",2025,0.08917411015198562,0.00792013848543762,0.008185622897023181,0.7272727272727273,0.6047316845964665,True,0.09064811552002179,0.017085300490510998,0.034052420727243154,11,137,mixed,6
baseline_vt0025,"{""add_set"": ""none"", ""clock"": ""oos_sharpe"", ""h4_share"": null, ""max_k"": null, ""recycle_cap"": 1.0, ""vt"": 0.0025, ""n_legs"": 5}",2026,0.20032630955632258,0.023011327609662083,0.013440273087758858,0.875,0.8680846676945262,True,0.06376392341456799,0.03406440652034522,0.0250778809074343,8,122,pure holdout,5
selected,"{""add_set"": ""corr0.25_n3"", ""clock"": ""h4=0.55"", ""h4_share"": 0.55, ""max_k"": 3, ""recycle_cap"": 2.0, ""vt"": 0.0025, ""n_legs"": 8}",2026,0.20688835191455635,0.023736555540263105,0.012312172541542377,0.75,0.8587950794159662,True,0.06305398285906978,0.04712354881042702,0.02596257710770835,8,195,pure holdout,8
selected_no_recycle,"{""add_set"": ""corr0.25_n3"", ""clock"": ""h4=0.55"", ""h4_share"": 0.55, ""max_k"": null, ""recycle_cap"": 1.0, ""vt"": 0.0025, ""n_legs"": 8}",2026,0.15059499347740313,0.016827057445866364,0.009675039460950496,0.75,0.8181025946685158,True,0.044809799736440746,0.016744012355913728,0.020103309566441456,8,195,pure holdout,8
selected_no_clock,"{""add_set"": ""corr0.25_n3"", ""clock"": ""oos_sharpe"", ""h4_share"": null, ""max_k"": 3, ""recycle_cap"": 2.0, ""vt"": 0.0025, ""n_legs"": 8}",2026,0.2216976718987238,0.02620857629930108,0.008458388227106206,0.625,0.9310559738105041,True,0.05601793645357379,0.04506665990082445,0.027487142320958374,8,195,pure holdout,8
addonly_plain,"{""add_set"": ""corr0.25_n3"", ""clock"": ""oos_sharpe"", ""h4_share"": null, ""max_k"": null, ""recycle_cap"": 1.0, ""vt"": 0.0025, ""n_legs"": 8}",2026,0.16575466115440451,0.018869986213150225,0.009664760640192394,0.75,0.8629846615227178,True,0.05124515239571361,0.024615853386287925,0.018718600926876387,8,195,pure holdout,8
locked_clock_recycle,"{""add_set"": ""none"", ""clock"": ""h4=0.55"", ""h4_share"": 0.55, ""max_k"": 3, ""recycle_cap"": 2.0, ""vt"": 0.0025, ""n_legs"": 5}",2026,0.22746478927117542,0.02558964003244979,0.008472870235699426,0.75,0.9253884483981227,True,0.05653907920207081,0.03001428988085856,0.023571495079116576,8,122,pure holdout,5
locked_h4_055_cap15,"{""add_set"": ""none"", ""clock"": ""h4=0.55"", ""h4_share"": 0.55, ""max_k"": null, ""recycle_cap"": 1.5, ""vt"": 0.0025, ""n_legs"": 5}",2026,0.2107296547006201,0.024278871805077484,0.009517359585855756,0.75,0.9084950998401727,True,0.05249481247141352,0.0291422706802038,0.024702370098459214,8,122,pure holdout,5
locked_h4_055_k3_cap20,"{""add_set"": ""none"", ""clock"": ""h4=0.55"", ""h4_share"": 0.55, ""max_k"": 3, ""recycle_cap"": 2.0, ""vt"": 0.0025, ""n_legs"": 5}",2026,0.22746478927117542,0.02558964003244979,0.008472870235699426,0.75,0.9253884483981227,True,0.05653907920207081,0.03001428988085856,0.023571495079116576,8,122,pure holdout,5
locked_oos_cap15,"{""add_set"": ""none"", ""clock"": ""oos_sharpe"", ""h4_share"": null, ""max_k"": null, ""recycle_cap"": 1.5, ""vt"": 0.0025, ""n_legs"": 5}",2026,0.20646049688470902,0.02414910612023377,0.009446722028247923,0.75,0.8965556189047129,True,0.05516154900410098,0.03296717434096412,0.025986471095300803,8,122,pure holdout,5
add_gbpjpy_plain,"{""add_set"": ""corr0.25_n1"", ""clock"": ""oos_sharpe"", ""h4_share"": null, ""max_k"": null, ""recycle_cap"": 1.0, ""vt"": 0.0025, ""n_legs"": 6}",2026,0.15205480521021508,0.018339664679683246,0.008078249738458276,0.75,0.9119422741018913,True,0.0736274811407052,0.05478868112938842,0.022820282038127915,8,138,pure holdout,6
add_gbpjpy_cap15,"{""add_set"": ""corr0.25_n1"", ""clock"": ""oos_sharpe"", ""h4_share"": null, ""max_k"": null, ""recycle_cap"": 1.5, ""vt"": 0.0025, ""n_legs"": 6}",2026,0.1737902400213378,0.019741151442255744,0.007792291647076732,0.625,0.927455427350258,True,0.07082654928429978,0.05122718899321495,0.02808270446623137,8,138,pure holdout,6
baseline_vt0025,"{""add_set"": ""none"", ""clock"": ""oos_sharpe"", ""h4_share"": null, ""max_k"": null, ""recycle_cap"": 1.0, ""vt"": 0.0025, ""n_legs"": 5}",holdout_365d,0.21552412271510168,0.01523243086152203,0.010461477464302482,0.75,0.8139578289205267,True,0.06825160423221091,0.024614009146199968,0.030218171652093298,12,146,pure holdout,5
selected,"{""add_set"": ""corr0.25_n3"", ""clock"": ""h4=0.55"", ""h4_share"": 0.55, ""max_k"": 3, ""recycle_cap"": 2.0, ""vt"": 0.0025, ""n_legs"": 8}",holdout_365d,0.3095637832501159,0.020572631726080187,0.010565294365506683,0.8333333333333334,0.7369021920986946,True,0.046689605210432736,0.009915682505521545,0.02816959180495469,12,236,pure holdout,8
selected_no_recycle,"{""add_set"": ""corr0.25_n3"", ""clock"": ""h4=0.55"", ""h4_share"": 0.55, ""max_k"": null, ""recycle_cap"": 1.0, ""vt"": 0.0025, ""n_legs"": 8}",holdout_365d,0.18807382799620198,0.014049236035428828,0.009316402352444908,0.75,0.7076220609091908,True,0.04058092204533973,0.02081686279344649,0.02088106189066675,12,236,pure holdout,8
selected_no_clock,"{""add_set"": ""corr0.25_n3"", ""clock"": ""oos_sharpe"", ""h4_share"": null, ""max_k"": 3, ""recycle_cap"": 2.0, ""vt"": 0.0025, ""n_legs"": 8}",holdout_365d,0.29586484197858653,0.019564120518077672,0.006819939007722486,0.6666666666666666,0.8408685040427317,True,0.044388493110453474,0.00925992867526831,0.029169788524036268,12,236,pure holdout,8
addonly_plain,"{""add_set"": ""corr0.25_n3"", ""clock"": ""oos_sharpe"", ""h4_share"": null, ""max_k"": null, ""recycle_cap"": 1.0, ""vt"": 0.0025, ""n_legs"": 8}",holdout_365d,0.20184085902784532,0.01486683210119949,0.009735344009310865,0.75,0.7338839286284776,True,0.04681086547304419,0.027062378749586495,0.02356253096327055,12,236,pure holdout,8
locked_clock_recycle,"{""add_set"": ""none"", ""clock"": ""h4=0.55"", ""h4_share"": 0.55, ""max_k"": 3, ""recycle_cap"": 2.0, ""vt"": 0.0025, ""n_legs"": 5}",holdout_365d,0.2660029271517246,0.017990841781544503,0.0032066823455423332,0.75,0.904078980938793,True,0.052003239308465274,0.009946698354766996,0.035915441715451746,12,146,pure holdout,5
locked_h4_055_cap15,"{""add_set"": ""none"", ""clock"": ""h4=0.55"", ""h4_share"": 0.55, ""max_k"": null, ""recycle_cap"": 1.5, ""vt"": 0.0025, ""n_legs"": 5}",holdout_365d,0.24213869327778692,0.016293236370071778,0.0019181176394618138,0.5833333333333334,0.8959362937070561,True,0.054679019961606776,0.009625382170804515,0.03530384046178282,12,146,pure holdout,5
locked_h4_055_k3_cap20,"{""add_set"": ""none"", ""clock"": ""h4=0.55"", ""h4_share"": 0.55, ""max_k"": 3, ""recycle_cap"": 2.0, ""vt"": 0.0025, ""n_legs"": 5}",holdout_365d,0.2660029271517246,0.017990841781544503,0.0032066823455423332,0.75,0.904078980938793,True,0.052003239308465274,0.009946698354766996,0.035915441715451746,12,146,pure holdout,5
locked_oos_cap15,"{""add_set"": ""none"", ""clock"": ""oos_sharpe"", ""h4_share"": null, ""max_k"": null, ""recycle_cap"": 1.5, ""vt"": 0.0025, ""n_legs"": 5}",holdout_365d,0.22030805910212958,0.014888558536946503,0.004381422967671411,0.5833333333333334,0.8851527531882415,True,0.06428967890278156,0.021853877542361295,0.035929109606403796,12,146,pure holdout,5
add_gbpjpy_plain,"{""add_set"": ""corr0.25_n1"", ""clock"": ""oos_sharpe"", ""h4_share"": null, ""max_k"": null, ""recycle_cap"": 1.0, ""vt"": 0.0025, ""n_legs"": 6}",holdout_365d,0.18547207684618106,0.01329688222147965,0.010326582066729095,0.75,0.791822416232684,True,0.06182044247856677,0.03000379960092876,0.02677508748861641,12,149,pure holdout,6
add_gbpjpy_cap15,"{""add_set"": ""corr0.25_n1"", ""clock"": ""oos_sharpe"", ""h4_share"": null, ""max_k"": null, ""recycle_cap"": 1.5, ""vt"": 0.0025, ""n_legs"": 6}",holdout_365d,0.191073598238777,0.012793275626034098,0.00481243580777424,0.5833333333333334,0.8686082756162498,True,0.06842921864212072,0.03735088787695786,0.03593743573082073,12,149,pure holdout,6
baseline_vt0025,"{""add_set"": ""none"", ""clock"": ""oos_sharpe"", ""h4_share"": null, ""max_k"": null, ""recycle_cap"": 1.0, ""vt"": 0.0025, ""n_legs"": 5}",roll12_end,0.21552412271510168,0.01523243086152203,0.010461477464302482,0.75,0.8139578289205267,True,0.06825160423221091,0.024614009146199968,0.030218171652093298,12,146,pure holdout,5
selected,"{""add_set"": ""corr0.25_n3"", ""clock"": ""h4=0.55"", ""h4_share"": 0.55, ""max_k"": 3, ""recycle_cap"": 2.0, ""vt"": 0.0025, ""n_legs"": 8}",roll12_end,0.3095637832501159,0.020572631726080187,0.010565294365506683,0.8333333333333334,0.7369021920986946,True,0.046689605210432736,0.009915682505521545,0.02816959180495469,12,236,pure holdout,8
selected_no_recycle,"{""add_set"": ""corr0.25_n3"", ""clock"": ""h4=0.55"", ""h4_share"": 0.55, ""max_k"": null, ""recycle_cap"": 1.0, ""vt"": 0.0025, ""n_legs"": 8}",roll12_end,0.18807382799620198,0.014049236035428828,0.009316402352444908,0.75,0.7076220609091908,True,0.04058092204533973,0.02081686279344649,0.02088106189066675,12,236,pure holdout,8
selected_no_clock,"{""add_set"": ""corr0.25_n3"", ""clock"": ""oos_sharpe"", ""h4_share"": null, ""max_k"": 3, ""recycle_cap"": 2.0, ""vt"": 0.0025, ""n_legs"": 8}",roll12_end,0.29586484197858653,0.019564120518077672,0.006819939007722486,0.6666666666666666,0.8408685040427317,True,0.044388493110453474,0.00925992867526831,0.029169788524036268,12,236,pure holdout,8
addonly_plain,"{""add_set"": ""corr0.25_n3"", ""clock"": ""oos_sharpe"", ""h4_share"": null, ""max_k"": null, ""recycle_cap"": 1.0, ""vt"": 0.0025, ""n_legs"": 8}",roll12_end,0.20184085902784532,0.01486683210119949,0.009735344009310865,0.75,0.7338839286284776,True,0.04681086547304419,0.027062378749586495,0.02356253096327055,12,236,pure holdout,8
locked_clock_recycle,"{""add_set"": ""none"", ""clock"": ""h4=0.55"", ""h4_share"": 0.55, ""max_k"": 3, ""recycle_cap"": 2.0, ""vt"": 0.0025, ""n_legs"": 5}",roll12_end,0.2660029271517246,0.017990841781544503,0.0032066823455423332,0.75,0.904078980938793,True,0.052003239308465274,0.009946698354766996,0.035915441715451746,12,146,pure holdout,5
locked_h4_055_cap15,"{""add_set"": ""none"", ""clock"": ""h4=0.55"", ""h4_share"": 0.55, ""max_k"": null, ""recycle_cap"": 1.5, ""vt"": 0.0025, ""n_legs"": 5}",roll12_end,0.24213869327778692,0.016293236370071778,0.0019181176394618138,0.5833333333333334,0.8959362937070561,True,0.054679019961606776,0.009625382170804515,0.03530384046178282,12,146,pure holdout,5
locked_h4_055_k3_cap20,"{""add_set"": ""none"", ""clock"": ""h4=0.55"", ""h4_share"": 0.55, ""max_k"": 3, ""recycle_cap"": 2.0, ""vt"": 0.0025, ""n_legs"": 5}",roll12_end,0.2660029271517246,0.017990841781544503,0.0032066823455423332,0.75,0.904078980938793,True,0.052003239308465274,0.009946698354766996,0.035915441715451746,12,146,pure holdout,5
locked_oos_cap15,"{""add_set"": ""none"", ""clock"": ""oos_sharpe"", ""h4_share"": null, ""max_k"": null, ""recycle_cap"": 1.5, ""vt"": 0.0025, ""n_legs"": 5}",roll12_end,0.22030805910212958,0.014888558536946503,0.004381422967671411,0.5833333333333334,0.8851527531882415,True,0.06428967890278156,0.021853877542361295,0.035929109606403796,12,146,pure holdout,5
add_gbpjpy_plain,"{""add_set"": ""corr0.25_n1"", ""clock"": ""oos_sharpe"", ""h4_share"": null, ""max_k"": null, ""recycle_cap"": 1.0, ""vt"": 0.0025, ""n_legs"": 6}",roll12_end,0.18547207684618106,0.01329688222147965,0.010326582066729095,0.75,0.791822416232684,True,0.06182044247856677,0.03000379960092876,0.02677508748861641,12,149,pure holdout,6
add_gbpjpy_cap15,"{""add_set"": ""corr0.25_n1"", ""clock"": ""oos_sharpe"", ""h4_share"": null, ""max_k"": null, ""recycle_cap"": 1.5, ""vt"": 0.0025, ""n_legs"": 6}",roll12_end,0.191073598238777,0.012793275626034098,0.00481243580777424,0.5833333333333334,0.8686082756162498,True,0.06842921864212072,0.03735088787695786,0.03593743573082073,12,149,pure holdout,6
baseline_vt0025,"{""add_set"": ""none"", ""clock"": ""oos_sharpe"", ""h4_share"": null, ""max_k"": null, ""recycle_cap"": 1.0, ""vt"": 0.0025, ""n_legs"": 5}",roll12_m6,0.16449332218046808,0.011309149872287835,0.0029890953300992784,0.6666666666666666,0.8020160651091527,True,0.038723675235688884,0.017623940539596223,0.033966165880603076,12,79,mixed,5
selected,"{""add_set"": ""corr0.25_n3"", ""clock"": ""h4=0.55"", ""h4_share"": 0.55, ""max_k"": 3, ""recycle_cap"": 2.0, ""vt"": 0.0025, ""n_legs"": 8}",roll12_m6,0.06487212274182075,0.004483436815642357,0.002380193479640358,0.6666666666666666,0.7851582807995646,True,0.05298191624898939,0.025721674997768278,0.028926304651034154,12,146,mixed,8
selected_no_recycle,"{""add_set"": ""corr0.25_n3"", ""clock"": ""h4=0.55"", ""h4_share"": 0.55, ""max_k"": null, ""recycle_cap"": 1.0, ""vt"": 0.0025, ""n_legs"": 8}",roll12_m6,0.060712871727097495,0.0035697475191433423,0.0030789083299535003,0.5833333333333334,0.7972076894464424,True,0.046283951143105774,0.029044847663665278,0.01935930888720657,12,146,mixed,8
selected_no_clock,"{""add_set"": ""corr0.25_n3"", ""clock"": ""oos_sharpe"", ""h4_share"": null, ""max_k"": 3, ""recycle_cap"": 2.0, ""vt"": 0.0025, ""n_legs"": 8}",roll12_m6,0.08308830589750626,0.0063280343807400425,0.004655005868758222,0.6666666666666666,0.7230103175500033,True,0.053930749133406106,0.026023073212600285,0.035279615854950534,12,146,mixed,8
addonly_plain,"{""add_set"": ""corr0.25_n3"", ""clock"": ""oos_sharpe"", ""h4_share"": null, ""max_k"": null, ""recycle_cap"": 1.0, ""vt"": 0.0025, ""n_legs"": 8}",roll12_m6,0.05893815563088722,0.00350915219324117,0.002291232305540958,0.5833333333333334,0.8001907647496227,True,0.051177412806613476,0.03436289937882538,0.023650825077728952,12,146,mixed,8
locked_clock_recycle,"{""add_set"": ""none"", ""clock"": ""h4=0.55"", ""h4_share"": 0.55, ""max_k"": 3, ""recycle_cap"": 2.0, ""vt"": 0.0025, ""n_legs"": 5}",roll12_m6,0.19884710143363793,0.014444535271503864,0.008619810507487835,0.75,0.7303768678709359,True,0.04632848376989759,0.01286305180751995,0.044307163597957694,12,79,mixed,5
locked_h4_055_cap15,"{""add_set"": ""none"", ""clock"": ""h4=0.55"", ""h4_share"": 0.55, ""max_k"": null, ""recycle_cap"": 1.5, ""vt"": 0.0025, ""n_legs"": 5}",roll12_m6,0.17922292043703303,0.01290489750862231,0.006486158573613454,0.75,0.7304213570368888,True,0.03488875980090459,0.010504008575715998,0.034138192798263335,12,79,mixed,5
locked_h4_055_k3_cap20,"{""add_set"": ""none"", ""clock"": ""h4=0.55"", ""h4_share"": 0.55, ""max_k"": 3, ""recycle_cap"": 2.0, ""vt"": 0.0025, ""n_legs"": 5}",roll12_m6,0.19884710143363793,0.014444535271503864,0.008619810507487835,0.75,0.7303768678709359,True,0.04632848376989759,0.01286305180751995,0.044307163597957694,12,79,mixed,5
locked_oos_cap15,"{""add_set"": ""none"", ""clock"": ""oos_sharpe"", ""h4_share"": null, ""max_k"": null, ""recycle_cap"": 1.5, ""vt"": 0.0025, ""n_legs"": 5}",roll12_m6,0.19427027017210308,0.014314188778421574,0.006108131020732044,0.75,0.7556641864758649,True,0.036396270984287715,0.016659557721379968,0.041384943064749095,12,79,mixed,5
add_gbpjpy_plain,"{""add_set"": ""corr0.25_n1"", ""clock"": ""oos_sharpe"", ""h4_share"": null, ""max_k"": null, ""recycle_cap"": 1.0, ""vt"": 0.0025, ""n_legs"": 6}",roll12_m6,0.08401123201257987,0.005467347555973741,0.001970901685065307,0.5833333333333334,0.8323709313667198,True,0.05030208013542064,0.03216554061144954,0.028219357322860013,12,107,mixed,6
add_gbpjpy_cap15,"{""add_set"": ""corr0.25_n1"", ""clock"": ""oos_sharpe"", ""h4_share"": null, ""max_k"": null, ""recycle_cap"": 1.5, ""vt"": 0.0025, ""n_legs"": 6}",roll12_m6,0.08731301838695482,0.006689672616125723,0.002481646774317059,0.5833333333333334,0.8934959590465925,True,0.047705882613455486,0.02896750473480104,0.03263453137589662,12,107,mixed,6
