idea,family,soft_pass,hard_pass,promote,score,min_is_mo,max_is_top3,min_is_pct_pos,mo_2024,mo_2025_IS,pos_2024,pos_2025_IS,top3_2024,top3_2025_IS,mo_2025,mo_2026,pos_2025,pos_2026,top3_2025,top3_2026,mo_holdout,pos_holdout,top3_holdout,gates_holdout,note
baseline_locked,baseline,False,False,False,-inf,0.004216856681389925,0.7412750869651012,0.5454545454545454,0.004216856681389925,0.023302682604721847,0.5454545454545454,0.75,0.7412750869651012,0.6969790447140385,0.016277853185413717,0.023011327609662083,0.7272727272727273,0.875,0.6925774266330262,0.8680846676945262,0.01523243086152203,0.75,0.8139578289205267,True,is_fail
lock+win_t0.02_cs0.75,win_throttle,False,False,False,-inf,0.004042957778144765,0.7613335369238714,0.5454545454545454,0.004042957778144765,0.02036281442315424,0.5454545454545454,0.75,0.7613335369238714,0.7099315622950918,0.014427432856317273,0.022168592796858136,0.7272727272727273,0.875,0.6627101785487108,0.8819963216714141,0.014973123473894484,0.75,0.8177144538497838,True,is_fail
lock+mtd_t0.015_a0.5,mtd_prior,False,False,False,-inf,0.007037312201371473,0.6527189553300664,0.7272727272727273,0.007037312201371473,0.01890442983814271,0.7272727272727273,0.75,0.5904043497944766,0.6527189553300664,0.012601995177341598,0.021068077984276776,0.7272727272727273,0.875,0.6307205581030277,0.8167130275922007,0.014453553660372154,0.75,0.727762098190107,True,soft_mean_fail
lock+mtd_t0.015_a0.65,mtd_prior,False,False,False,-inf,0.00619137802498623,0.6676940327965993,0.7272727272727273,0.00619137802498623,0.02022241062349088,0.7272727272727273,0.75,0.6315038152897159,0.6676940327965993,0.013703194353283517,0.021653275693955837,0.7272727272727273,0.875,0.6518532451835967,0.8289350330777581,0.01468803059328111,0.75,0.7543587806076146,True,soft_mean_fail
wrebal_0.328_0.029_0.241_0.178_0.224_frozen,frozen_wrebal,False,False,False,-inf,0.006769618032487818,0.6958784580518973,0.75,0.006769618032487818,0.0243676891658543,0.8181818181818182,0.75,0.5885922377094076,0.6958784580518973,0.016666625756131506,0.025405474688400334,0.7272727272727273,0.75,0.6810340909209204,0.8388814346841589,0.017163387825917753,0.6666666666666666,0.7746512243164507,True,soft_mean_fail
wrebal_0.328_0.029_0.241_0.178_0.224+mtd_t0.015_a0.5_frozen,frozen_wrebal_mtd,True,False,False,0.009990097705796347,0.011839665771880366,0.642478403304201,0.75,0.011839665771880366,0.0173718230170202,0.8181818181818182,0.75,0.45382781689881296,0.642478403304201,0.011065056115305212,0.02407556115187995,0.7272727272727273,0.75,0.6076157640127245,0.8028795988803513,0.016864883387390405,0.6666666666666666,0.7119219329373,True,holdout_fail
wrebal_0.328_0.029_0.241_0.178_0.224+mtd_t0.015_a0.65_frozen,frozen_wrebal_mtd,True,False,False,0.008080931927998185,0.010316447683369024,0.661775787768542,0.75,0.010316447683369024,0.019464992389269034,0.8181818181818182,0.75,0.48070198611052833,0.661775787768542,0.01274069556030022,0.024476730618863476,0.7272727272727273,0.75,0.6279880160404249,0.8141188140354769,0.01695564741097012,0.6666666666666666,0.7310676601846638,True,holdout_fail
wrebal_0.328_0.029_0.241_0.178_0.224+mtd_t0.015_a0.5_frozen+win_t0.025_cs0.75,frozen_wrebal_mtd_win,True,False,False,0.008496466064289212,0.011105522981347997,0.6804528458529393,0.75,0.011105522981347997,0.016590575052978673,0.8181818181818182,0.75,0.448525576067084,0.6804528458529393,0.010972670349782937,0.02205372275328947,0.7272727272727273,0.75,0.6468818184252325,0.8312329401365579,0.015572771707880387,0.6666666666666666,0.7285127625177332,True,holdout_fail
wrebal_0.328_0.029_0.241_0.178_0.224+mtd_t0.015_a0.65_frozen+win_t0.025_cs0.65,frozen_wrebal_mtd_win,False,False,False,-inf,0.00931017912189032,0.714888368446004,0.75,0.00931017912189032,0.018300443471404124,0.8181818181818182,0.75,0.4560661004589649,0.714888368446004,0.012505901851984353,0.02171657195006199,0.7272727272727273,0.75,0.6800736204417288,0.8531572728497318,0.015431783171455049,0.6666666666666666,0.7545705952962278,True,is_fail
blend_a0.40_lock_vs_wrebal_0.328_0.029_0.241_0.178_0.224+mtd_t0.015_a0.5_frozen,is_blend,False,False,False,-inf,0.007258012823589288,0.6778564498074212,0.7272727272727273,0.007258012823589288,0.020928190579018874,0.7272727272727273,0.75,0.5737212083969039,0.6778564498074212,0.014190754376271587,0.023435499081166364,0.7272727272727273,0.75,0.6597006973751307,0.8437221981208205,0.015884754937853334,0.6666666666666666,0.7734354428012051,True,soft_mean_fail
blend_a0.55_lock_vs_wrebal_0.328_0.029_0.241_0.178_0.224+mtd_t0.015_a0.5_frozen,is_blend,False,False,False,-inf,0.00840119359106618,0.669855683283494,0.7272727272727273,0.00840119359106618,0.020038495890619387,0.7272727272727273,0.75,0.534746059264667,0.669855683283494,0.013408773560915209,0.02359506717528291,0.7272727272727273,0.75,0.6458061941119638,0.8334195998591497,0.01612958896091385,0.6666666666666666,0.757573750515576,True,soft_mean_fail
blend_a0.70_lock_vs_wrebal_0.328_0.029_0.241_0.178_0.224+mtd_t0.015_a0.5_frozen,is_blend,True,False,False,0.007319253583571668,0.009545865743029867,0.66133060797291,0.75,0.009545865743029867,0.019149203568072024,0.8181818181818182,0.75,0.5070322257404901,0.66133060797291,0.012627163803520186,0.02375492652388235,0.7272727272727273,0.75,0.6309099251627408,0.8231780935040758,0.016374550210085926,0.6666666666666666,0.7420401923830988,True,holdout_fail
blend_a0.40_lock_vs_wrebal_0.328_0.029_0.241_0.178_0.224+mtd_t0.015_a0.65_frozen,is_blend,False,False,False,-inf,0.006653224527131341,0.683884811860666,0.7272727272727273,0.006653224527131341,0.021768202629594058,0.7272727272727273,0.75,0.6052085268398902,0.683884811860666,0.014863303231484356,0.02359607836537976,0.7272727272727273,0.75,0.668778834028172,0.8480249532840592,0.01592135335391749,0.6666666666666666,0.7812529070460597,True,soft_mean_fail
blend_a0.55_lock_vs_wrebal_0.328_0.029_0.241_0.178_0.224+mtd_t0.015_a0.65_frozen,is_blend,False,False,False,-inf,0.007568062095198932,0.6786541541241531,0.7272727272727273,0.007568062095198932,0.021192567876002794,0.7272727272727273,0.75,0.5627164229273048,0.6786541541241531,0.014332739344130102,0.023815833563446895,0.7272727272727273,0.75,0.6591981960050407,0.8394046377274192,0.016179816691027804,0.6666666666666666,0.7682688349477922,True,soft_mean_fail
blend_a0.70_lock_vs_wrebal_0.328_0.029_0.241_0.178_0.224+mtd_t0.015_a0.65_frozen,is_blend,False,False,False,-inf,0.008483547815399879,0.6732332802635527,0.75,0.008483547815399879,0.020616821305481828,0.8181818181818182,0.75,0.5332137887753987,0.6732332802635527,0.0138021167593155,0.024035856616633544,0.7272727272727273,0.75,0.6492238276351698,0.8308808409997788,0.016438350661621293,0.6666666666666666,0.7555827687554926,True,soft_mean_fail
blend_a0.40_lock_vs_wrebal_0.328_0.029_0.241_0.178_0.224+mtd_t0.015_a0.5_frozen+win_t0.025_cs0.75,is_blend,False,False,False,-inf,0.006968631925458995,0.6913260356337524,0.7272727272727273,0.006968631925458995,0.02061584950456899,0.7272727272727273,0.75,0.5756439782073371,0.6913260356337524,0.014153173123645835,0.02263339948070009,0.7272727272727273,0.875,0.6588639881153222,0.8543980928246018,0.015372290263175381,0.75,0.7798443450685786,True,soft_mean_fail
blend_a0.55_lock_vs_wrebal_0.328_0.029_0.241_0.178_0.224+mtd_t0.015_a0.5_frozen+win_t0.025_cs0.75,is_blend,False,False,False,-inf,0.008001826593041848,0.6889190763451902,0.7272727272727273,0.008001826593041848,0.019608972390180127,0.7272727272727273,0.75,0.5352085468305359,0.6889190763451902,0.01335731494659511,0.02248990173237482,0.7272727272727273,0.875,0.6466558755641426,0.8491168829113389,0.015423446307800895,0.75,0.7670680411034467,True,soft_mean_fail
blend_a0.70_lock_vs_wrebal_0.328_0.029_0.241_0.178_0.224+mtd_t0.015_a0.5_frozen+win_t0.025_cs0.75,is_blend,False,False,False,-inf,0.009035710339122932,0.6863230237531944,0.75,0.009035710339122932,0.018602468046523754,0.8181818181818182,0.75,0.5059088868223767,0.6863230237531944,0.012561945351371683,0.022345450254552313,0.7272727272727273,0.875,0.6467062135075301,0.8437502669836513,0.015473907749765555,0.75,0.7542993049339612,True,soft_mean_fail
blend_a0.40_lock_vs_wrebal_0.328_0.029_0.241_0.178_0.224+mtd_t0.015_a0.65_frozen+win_t0.025_cs0.65,is_blend,False,False,False,-inf,0.006251526133051507,0.7031959201395704,0.7272727272727273,0.006251526133051507,0.02130397280841176,0.7272727272727273,0.75,0.6003065045529015,0.7031959201395704,0.014769469859432434,0.02250145069614483,0.7272727272727273,0.875,0.666313742495665,0.8630691356445132,0.015318673620597606,0.75,0.7906806528341513,True,is_fail
blend_a0.55_lock_vs_wrebal_0.328_0.029_0.241_0.178_0.224+mtd_t0.015_a0.65_frozen+win_t0.025_cs0.65,is_blend,False,False,False,-inf,0.007015448621363899,0.7058218397010079,0.7272727272727273,0.007015448621363899,0.020553704920137084,0.7272727272727273,0.75,0.5626324344594941,0.7058218397010079,0.01420368942595849,0.022307480034346558,0.7272727272727273,0.875,0.6630432364904815,0.861165733974839,0.015348774373761023,0.75,0.7819031752799008,True,is_fail
blend_a0.70_lock_vs_wrebal_0.328_0.029_0.241_0.178_0.224+mtd_t0.015_a0.65_frozen+win_t0.025_cs0.65,is_blend,False,False,False,-inf,0.007779867590930644,0.7086329409146287,0.75,0.007779867590930644,0.019803027278516377,0.8181818181818182,0.75,0.5266731271622485,0.7086329409146287,0.013637834559033628,0.022112007073751883,0.7272727272727273,0.75,0.6682985518119611,0.858810131183736,0.015377657629848607,0.75,0.773097064327932,True,is_fail
