time,cpff_usd
2011-10-31 00:00:00+00:00,0.0
2011-11-30 00:00:00+00:00,0.0
2011-12-31 00:00:00+00:00,0.00013906419786535729
2012-01-31 00:00:00+00:00,-0.0011731994509359689
2012-02-29 00:00:00+00:00,-0.0008259156828633873
2012-03-31 00:00:00+00:00,0.0
2012-04-30 00:00:00+00:00,0.0
2012-05-31 00:00:00+00:00,0.0
2012-06-30 00:00:00+00:00,-0.003411606286124136
2012-07-31 00:00:00+00:00,0.002404344091069488
2012-08-31 00:00:00+00:00,0.0
2012-09-30 00:00:00+00:00,0.0
2012-10-31 00:00:00+00:00,0.00021171258758156952
2012-11-30 00:00:00+00:00,0.0
2012-12-31 00:00:00+00:00,0.0
2013-01-31 00:00:00+00:00,-0.0005561572823620242
2013-02-28 00:00:00+00:00,-5.365982670302305e-05
2013-03-31 00:00:00+00:00,0.0
2013-04-30 00:00:00+00:00,0.0
2013-05-31 00:00:00+00:00,0.0
2013-06-30 00:00:00+00:00,-0.0022254950377273985
2013-07-31 00:00:00+00:00,0.008749283404143382
2013-08-31 00:00:00+00:00,0.0
2013-09-30 00:00:00+00:00,-7.500000000004725e-05
2013-10-31 00:00:00+00:00,-0.001055289995903208
2013-11-30 00:00:00+00:00,0.0
2013-12-31 00:00:00+00:00,-0.0005406455872551952
2014-01-31 00:00:00+00:00,-0.0020622805576961944
2014-02-28 00:00:00+00:00,-0.0077799428889032685
2014-03-31 00:00:00+00:00,-0.0011531500155128604
2014-04-30 00:00:00+00:00,-0.00017209002612172952
2014-05-31 00:00:00+00:00,0.0
2014-06-30 00:00:00+00:00,0.0
2014-07-31 00:00:00+00:00,0.0003600429753902734
2014-08-31 00:00:00+00:00,0.0
2014-09-30 00:00:00+00:00,0.00609712125714279
2014-10-31 00:00:00+00:00,0.0
2014-11-30 00:00:00+00:00,-0.002427279893587486
2014-12-31 00:00:00+00:00,0.002466726208839365
2015-01-31 00:00:00+00:00,0.005477347123066467
2015-02-28 00:00:00+00:00,-0.0005620982712035705
2015-03-31 00:00:00+00:00,-0.002066548075034036
2015-04-30 00:00:00+00:00,-0.0041942675525625805
2015-05-31 00:00:00+00:00,-0.00957463706161299
2015-06-30 00:00:00+00:00,-0.0014180077829607507
2015-07-31 00:00:00+00:00,0.009005854428679072
2015-08-31 00:00:00+00:00,0.0037954083718563236
2015-09-30 00:00:00+00:00,0.0035262865079945804
2015-10-31 00:00:00+00:00,-0.002168038557592178
2015-11-30 00:00:00+00:00,0.009048140042051012
2015-12-31 00:00:00+00:00,-0.006119411020365506
2016-01-31 00:00:00+00:00,0.01589334431709477
2016-02-29 00:00:00+00:00,3.3022324846587736e-05
2016-03-31 00:00:00+00:00,-0.007474123983889802
2016-04-30 00:00:00+00:00,0.0
2016-05-31 00:00:00+00:00,-0.002981888022723256
2016-06-30 00:00:00+00:00,-0.005485537231843862
2016-07-31 00:00:00+00:00,0.00147058183133697
2016-08-31 00:00:00+00:00,0.0018987510722956458
2016-09-30 00:00:00+00:00,-0.003170652362429527
2016-10-31 00:00:00+00:00,0.008372597480428734
2016-11-30 00:00:00+00:00,-0.0006275412385824408
2016-12-31 00:00:00+00:00,0.006211122271102099
2017-01-31 00:00:00+00:00,0.0
2017-02-28 00:00:00+00:00,-0.0007669526707442254
2017-03-31 00:00:00+00:00,-0.007647583818455317
2017-04-30 00:00:00+00:00,0.0
2017-05-31 00:00:00+00:00,0.0
2017-06-30 00:00:00+00:00,0.0
2017-07-31 00:00:00+00:00,0.0
2017-08-31 00:00:00+00:00,0.0
2017-09-30 00:00:00+00:00,0.0
2017-10-31 00:00:00+00:00,0.0
2017-11-30 00:00:00+00:00,0.0
2017-12-31 00:00:00+00:00,-0.002364212092166751
2018-01-31 00:00:00+00:00,-0.010558859716099156
2018-02-28 00:00:00+00:00,0.013224047281202411
2018-03-31 00:00:00+00:00,0.0016120694110013378
2018-04-30 00:00:00+00:00,0.0065652662185202715
2018-05-31 00:00:00+00:00,-0.003873906563089724
2018-06-30 00:00:00+00:00,0.005948438231818454
2018-07-31 00:00:00+00:00,0.0
2018-08-31 00:00:00+00:00,0.0
2018-09-30 00:00:00+00:00,0.0
2018-10-31 00:00:00+00:00,0.0
2018-11-30 00:00:00+00:00,-0.0006083842550754781
2018-12-31 00:00:00+00:00,0.0026573692471631993
2019-01-31 00:00:00+00:00,0.0
2019-02-28 00:00:00+00:00,0.0
2019-03-31 00:00:00+00:00,0.0
2019-04-30 00:00:00+00:00,0.0
2019-05-31 00:00:00+00:00,0.0
2019-06-30 00:00:00+00:00,0.0
2019-07-31 00:00:00+00:00,0.0
2019-08-31 00:00:00+00:00,0.0
2019-09-30 00:00:00+00:00,0.0
2019-10-31 00:00:00+00:00,0.0
2019-11-30 00:00:00+00:00,0.0001861752470115885
2019-12-31 00:00:00+00:00,-0.013363375567941538
2020-01-31 00:00:00+00:00,0.0018046350736207195
2020-02-29 00:00:00+00:00,0.0
2020-03-31 00:00:00+00:00,-0.0045922559954788555
2020-04-30 00:00:00+00:00,-0.007091027779446368
2020-05-31 00:00:00+00:00,0.0037900573578673047
2020-06-30 00:00:00+00:00,0.0
2020-07-31 00:00:00+00:00,0.0
2020-08-31 00:00:00+00:00,0.0
2020-09-30 00:00:00+00:00,0.0
2020-10-31 00:00:00+00:00,0.0
2020-11-30 00:00:00+00:00,0.0
2020-12-31 00:00:00+00:00,0.0
2021-01-31 00:00:00+00:00,0.0
2021-02-28 00:00:00+00:00,0.0
2021-03-31 00:00:00+00:00,0.0
2021-04-30 00:00:00+00:00,0.0
2021-05-31 00:00:00+00:00,0.0
2021-06-30 00:00:00+00:00,0.0
2021-07-31 00:00:00+00:00,0.0
2021-08-31 00:00:00+00:00,0.0
2021-09-30 00:00:00+00:00,0.0
2021-10-31 00:00:00+00:00,0.0
2021-11-30 00:00:00+00:00,0.003567291151662433
2021-12-31 00:00:00+00:00,-0.005533019459521116
2022-01-31 00:00:00+00:00,0.004361147876874805
2022-02-28 00:00:00+00:00,-0.003676283665489777
2022-03-31 00:00:00+00:00,-0.0016967989677280082
2022-04-30 00:00:00+00:00,0.02680379788897813
2022-05-31 00:00:00+00:00,-0.005539516449635018
2022-06-30 00:00:00+00:00,0.01612264666828578
2022-07-31 00:00:00+00:00,-0.0016472116304175888
2022-08-31 00:00:00+00:00,-0.0031469343607440914
2022-09-30 00:00:00+00:00,0.021253727251232313
2022-10-31 00:00:00+00:00,-0.00962288588328386
2022-11-30 00:00:00+00:00,0.0014882479271420834
2022-12-31 00:00:00+00:00,0.0
2023-01-31 00:00:00+00:00,0.0
2023-02-28 00:00:00+00:00,0.0
2023-03-31 00:00:00+00:00,0.0
2023-04-30 00:00:00+00:00,0.0
2023-05-31 00:00:00+00:00,0.0
2023-06-30 00:00:00+00:00,0.0
2023-07-31 00:00:00+00:00,0.0
2023-08-31 00:00:00+00:00,0.0
2023-09-30 00:00:00+00:00,0.0
2023-10-31 00:00:00+00:00,0.0
2023-11-30 00:00:00+00:00,0.0
2023-12-31 00:00:00+00:00,0.0
2024-01-31 00:00:00+00:00,0.0
2024-02-29 00:00:00+00:00,0.0
2024-03-31 00:00:00+00:00,0.0
2024-04-30 00:00:00+00:00,0.0
2024-05-31 00:00:00+00:00,0.0
2024-06-30 00:00:00+00:00,0.0
2024-07-31 00:00:00+00:00,0.0
2024-08-31 00:00:00+00:00,0.0
2024-09-30 00:00:00+00:00,0.0
2024-10-31 00:00:00+00:00,0.0
2024-11-30 00:00:00+00:00,0.0
2024-12-31 00:00:00+00:00,0.0017209391304191524
2025-01-31 00:00:00+00:00,0.0034393744134735282
2025-02-28 00:00:00+00:00,-0.015137647881749539
2025-03-31 00:00:00+00:00,-0.00757966431524737
2025-04-30 00:00:00+00:00,0.008302866342052129
2025-05-31 00:00:00+00:00,0.0014507306047544244
2025-06-30 00:00:00+00:00,-2.0746658295545117e-05
2025-07-31 00:00:00+00:00,0.0
2025-08-31 00:00:00+00:00,0.0
2025-09-30 00:00:00+00:00,0.0
2025-10-31 00:00:00+00:00,0.0
2025-11-30 00:00:00+00:00,-0.0004706718803570986
2025-12-31 00:00:00+00:00,-0.005762998409541642
2026-01-31 00:00:00+00:00,-0.00224984691981589
2026-02-28 00:00:00+00:00,0.0011874731064096533
2026-03-31 00:00:00+00:00,0.0052865203658667426
2026-04-30 00:00:00+00:00,-0.011475434555682007
2026-05-31 00:00:00+00:00,-0.0044725575771918935
2026-06-30 00:00:00+00:00,0.014102333821737423
2026-07-31 00:00:00+00:00,-0.007847220173200942
2026-08-31 00:00:00+00:00,4.18084574727029e-05
2026-09-30 00:00:00+00:00,0.002896204236718658
