time,low_ur_z_xs
2011-10-31 00:00:00+00:00,0.002627505742859748
2011-11-30 00:00:00+00:00,0.004468695968539382
2011-12-31 00:00:00+00:00,0.00455453233885561
2012-01-31 00:00:00+00:00,-0.0035886091137729004
2012-02-29 00:00:00+00:00,-0.0026720198695125985
2012-03-31 00:00:00+00:00,-0.0009505700390667338
2012-04-30 00:00:00+00:00,-0.0035795709161557943
2012-05-31 00:00:00+00:00,0.013115739488744449
2012-06-30 00:00:00+00:00,-0.002123957716405056
2012-07-31 00:00:00+00:00,-0.0028256024115752565
2012-08-31 00:00:00+00:00,-0.002110094651561756
2012-09-30 00:00:00+00:00,-0.006982234623085892
2012-10-31 00:00:00+00:00,0.0006482673114498461
2012-11-30 00:00:00+00:00,0.001426201263582394
2012-12-31 00:00:00+00:00,0.0031418702732264325
2013-01-31 00:00:00+00:00,-0.006790830032701978
2013-02-28 00:00:00+00:00,0.005914985953147545
2013-03-31 00:00:00+00:00,0.0036604796386532357
2013-04-30 00:00:00+00:00,-0.003605355464015858
2013-05-31 00:00:00+00:00,0.013922953532324867
2013-06-30 00:00:00+00:00,0.009472205376532594
2013-07-31 00:00:00+00:00,0.00441613612969638
2013-08-31 00:00:00+00:00,-0.004422314162521923
2013-09-30 00:00:00+00:00,-0.01120126014712175
2013-10-31 00:00:00+00:00,-0.011408988762370176
2013-11-30 00:00:00+00:00,0.009881621793394357
2013-12-31 00:00:00+00:00,-0.0007773213831879788
2014-01-31 00:00:00+00:00,0.0075066934898098125
2014-02-28 00:00:00+00:00,-0.004565066853024602
2014-03-31 00:00:00+00:00,-0.01012574828346502
2014-04-30 00:00:00+00:00,0.000987666701612655
2014-05-31 00:00:00+00:00,0.0017640257688991134
2014-06-30 00:00:00+00:00,0.0008643934785437235
2014-07-31 00:00:00+00:00,0.005743952724309942
2014-08-31 00:00:00+00:00,-0.00031145756476269604
2014-09-30 00:00:00+00:00,0.020385776762469332
2014-10-31 00:00:00+00:00,-0.005693006627577102
2014-11-30 00:00:00+00:00,0.00710867636076884
2014-12-31 00:00:00+00:00,0.01375915861275967
2015-01-31 00:00:00+00:00,0.0009914210558565895
2015-02-28 00:00:00+00:00,0.005939417885504117
2015-03-31 00:00:00+00:00,0.0030295862642200078
2015-04-30 00:00:00+00:00,0.0004921255418659509
2015-05-31 00:00:00+00:00,0.010985722267259801
2015-06-30 00:00:00+00:00,0.0025664901776931703
2015-07-31 00:00:00+00:00,0.020995698334878243
2015-08-31 00:00:00+00:00,0.001753653404070521
2015-09-30 00:00:00+00:00,0.0018283395436415883
2015-10-31 00:00:00+00:00,0.004115872677189936
2015-11-30 00:00:00+00:00,0.0022768050121630967
2015-12-31 00:00:00+00:00,-0.01746517157398897
2016-01-31 00:00:00+00:00,0.005451230205817614
2016-02-29 00:00:00+00:00,-0.014476028129715601
2016-03-31 00:00:00+00:00,-0.01833225744619993
2016-04-30 00:00:00+00:00,0.006646424354120439
2016-05-31 00:00:00+00:00,0.015825666758900292
2016-06-30 00:00:00+00:00,-0.03243571745695062
2016-07-31 00:00:00+00:00,0.00013945789869818093
2016-08-31 00:00:00+00:00,0.003446808543003055
2016-09-30 00:00:00+00:00,-0.002238040781250228
2016-10-31 00:00:00+00:00,-0.007097768285315498
2016-11-30 00:00:00+00:00,-0.016193274660492918
2016-12-31 00:00:00+00:00,-0.0002471926562208626
2017-01-31 00:00:00+00:00,-0.008157870859323846
2017-02-28 00:00:00+00:00,-0.003738459545156947
2017-03-31 00:00:00+00:00,0.0012499849782414696
2017-04-30 00:00:00+00:00,0.01026800703238595
2017-05-31 00:00:00+00:00,0.004989819391316264
2017-06-30 00:00:00+00:00,0.0018916817797924868
2017-07-31 00:00:00+00:00,0.010864015182762587
2017-08-31 00:00:00+00:00,0.002307991600683179
2017-09-30 00:00:00+00:00,0.003805103942718935
2017-10-31 00:00:00+00:00,0.00047727070106784453
2017-11-30 00:00:00+00:00,0.005208860286001871
2017-12-31 00:00:00+00:00,-0.001211718408000495
2018-01-31 00:00:00+00:00,-0.009155564724525833
2018-02-28 00:00:00+00:00,-0.0006389439703384792
2018-03-31 00:00:00+00:00,-0.0052342048418891896
2018-04-30 00:00:00+00:00,0.0016725221733775442
2018-05-31 00:00:00+00:00,0.0070172080601198505
2018-06-30 00:00:00+00:00,0.001896542743238916
2018-07-31 00:00:00+00:00,0.002720735331204427
2018-08-31 00:00:00+00:00,0.014546016152787944
2018-09-30 00:00:00+00:00,-0.001076207744151625
2018-10-31 00:00:00+00:00,-0.006853666941863845
2018-11-30 00:00:00+00:00,0.008912383409566793
2018-12-31 00:00:00+00:00,-0.006284871654488877
2019-01-31 00:00:00+00:00,-0.006066827940501618
2019-02-28 00:00:00+00:00,-0.004943787732137883
2019-03-31 00:00:00+00:00,0.0059341534149435216
2019-04-30 00:00:00+00:00,-0.007561300740350219
2019-05-31 00:00:00+00:00,0.0015366973084363078
2019-06-30 00:00:00+00:00,0.007213172184562522
2019-07-31 00:00:00+00:00,-0.0008583862807851617
2019-08-31 00:00:00+00:00,-0.00035451838655242707
2019-09-30 00:00:00+00:00,-0.005202156706553662
2019-10-31 00:00:00+00:00,-0.010123625460817576
2019-11-30 00:00:00+00:00,-0.001098709636354056
2019-12-31 00:00:00+00:00,0.0017625079100902497
2020-01-31 00:00:00+00:00,0.00659088036828237
2020-02-29 00:00:00+00:00,0.0021463401808434757
2020-03-31 00:00:00+00:00,0.0075038946441770005
2020-04-30 00:00:00+00:00,-0.012616231069148331
2020-05-31 00:00:00+00:00,0.0006231759394779157
2020-06-30 00:00:00+00:00,-0.003312328719056623
2020-07-31 00:00:00+00:00,0.013372560496346164
2020-08-31 00:00:00+00:00,-0.007072540253061699
2020-09-30 00:00:00+00:00,-0.0004406609422317187
2020-10-31 00:00:00+00:00,0.005349023601286751
2020-11-30 00:00:00+00:00,-0.011652866832210784
2020-12-31 00:00:00+00:00,-0.005962618000261544
2021-01-31 00:00:00+00:00,-0.002659544567695793
2021-02-28 00:00:00+00:00,-0.007919787048315197
2021-03-31 00:00:00+00:00,0.004603342356376716
2021-04-30 00:00:00+00:00,0.0031669230192878928
2021-05-31 00:00:00+00:00,-0.006867141126896015
2021-06-30 00:00:00+00:00,-0.0013943801696402192
2021-07-31 00:00:00+00:00,-0.010222808576012543
2021-08-31 00:00:00+00:00,0.00026868488821696346
2021-09-30 00:00:00+00:00,0.0004004196605962296
2021-10-31 00:00:00+00:00,0.011353093903210265
2021-11-30 00:00:00+00:00,-0.012115433477622561
2021-12-31 00:00:00+00:00,0.006923724842105239
2022-01-31 00:00:00+00:00,-0.011612510184881741
2022-02-28 00:00:00+00:00,0.008663188995272408
2022-03-31 00:00:00+00:00,0.02582640354997956
2022-04-30 00:00:00+00:00,-0.0017953185408439154
2022-05-31 00:00:00+00:00,0.0011239173992350082
2022-06-30 00:00:00+00:00,0.0022335914691000713
2022-07-31 00:00:00+00:00,-0.00903816691495063
2022-08-31 00:00:00+00:00,0.008321329413540912
2022-09-30 00:00:00+00:00,0.002465463233122467
2022-10-31 00:00:00+00:00,0.003973643369369562
2022-11-30 00:00:00+00:00,0.0044932344434174265
2022-12-31 00:00:00+00:00,0.0003231839774480161
2023-01-31 00:00:00+00:00,0.0053451961283861316
2023-02-28 00:00:00+00:00,0.00020347618282778868
2023-03-31 00:00:00+00:00,-0.006387413564834521
2023-04-30 00:00:00+00:00,0.009028213586194989
2023-05-31 00:00:00+00:00,-0.00235559104696359
2023-06-30 00:00:00+00:00,0.01402521593391337
2023-07-31 00:00:00+00:00,0.0028947762123565646
2023-08-31 00:00:00+00:00,-0.003233039768997914
2023-09-30 00:00:00+00:00,0.004864700122527932
2023-10-31 00:00:00+00:00,0.0016959560656664152
2023-11-30 00:00:00+00:00,0.0035492127977332366
2023-12-31 00:00:00+00:00,0.006092105061622721
2024-01-31 00:00:00+00:00,-0.011117228271783963
2024-02-29 00:00:00+00:00,0.0010920421735141073
2024-03-31 00:00:00+00:00,-0.007308699020539544
2024-04-30 00:00:00+00:00,-0.005357941555099166
2024-05-31 00:00:00+00:00,0.005940916639178173
2024-06-30 00:00:00+00:00,0.009745903377065268
2024-07-31 00:00:00+00:00,-0.02871796364253787
2024-08-31 00:00:00+00:00,0.0010625807774438112
2024-09-30 00:00:00+00:00,0.008084415166587089
2024-10-31 00:00:00+00:00,0.006100964868275716
2024-11-30 00:00:00+00:00,0.0011410363109025656
2024-12-31 00:00:00+00:00,-0.011735490230736945
2025-01-31 00:00:00+00:00,0.009415770878837604
2025-02-28 00:00:00+00:00,0.0030436297056024575
2025-03-31 00:00:00+00:00,-0.0066781221560385795
2025-04-30 00:00:00+00:00,0.00043883706138125866
2025-05-31 00:00:00+00:00,-0.0031489383911297297
2025-06-30 00:00:00+00:00,-0.00294953864263392
2025-07-31 00:00:00+00:00,-0.0033715167134469315
2025-08-31 00:00:00+00:00,0.0028371505110873496
2025-09-30 00:00:00+00:00,0.005446739986944227
2025-10-31 00:00:00+00:00,-0.005461601677196004
2025-11-30 00:00:00+00:00,-0.005499949529504056
2025-12-31 00:00:00+00:00,-0.004320685272942937
2026-01-31 00:00:00+00:00,0.007962335418129518
2026-02-28 00:00:00+00:00,0.006736773097711701
2026-03-31 00:00:00+00:00,-0.0020249541841729224
2026-04-30 00:00:00+00:00,0.005245748386900395
2026-05-31 00:00:00+00:00,0.0014121326565761372
2026-06-30 00:00:00+00:00,-0.007394475431482195
2026-07-31 00:00:00+00:00,-0.0028596725280263247
2026-08-31 00:00:00+00:00,-0.0034464054886443884
2026-09-30 00:00:00+00:00,0.0087380812471205
