observation_date,ULQEUL01USQ657S
1955-04-01,0.961088565600000
1955-07-01,0.525508107000000
1955-10-01,1.711763646800000
1956-01-01,2.241202511800000
1956-04-01,1.182419252800000
1956-07-01,0.794088906000000
1956-10-01,0.093677441100000
1957-01-01,1.044489273100000
1957-04-01,1.076911630200000
1957-07-01,0.114894406600000
1957-10-01,0.136945583400000
1958-01-01,1.569347272500000
1958-04-01,-0.855411776100000
1958-07-01,0.248467423900000
1958-10-01,-0.377610974300000
1959-01-01,0.593521263500000
1959-04-01,0.578030957300000
1959-07-01,-0.047304010200000
1959-10-01,0.834466888700000
1960-01-01,0.090600096300000
1960-04-01,1.475964553500000
1960-07-01,-0.244518310800000
1960-10-01,1.456981764600000
1961-01-01,-0.091079844700000
1961-04-01,-1.064529295100000
1961-07-01,-0.438376093500000
1961-10-01,0.203685143600000
1962-01-01,0.334425138300000
1962-04-01,0.662137465100000
1962-07-01,-0.998477227700000
1962-10-01,0.264436754500000
1963-01-01,0.308272358200000
1963-04-01,0.135899237000000
1963-07-01,-0.722502520400000
1963-10-01,1.098333591200000
1964-01-01,-0.374587671500000
1964-04-01,0.596850968000000
1964-07-01,0.540649646200000
1964-10-01,1.157976820800000
1965-01-01,-0.984230057000000
1965-04-01,0.807513535600000
1965-07-01,-0.868883318300000
1965-10-01,0.302686836100000
1966-01-01,0.445410402200000
1966-04-01,2.024102247500000
1966-07-01,1.342900158800000
1966-10-01,0.794705615100000
1967-01-01,-0.996020485300000
1967-04-01,1.196282071900000
1967-07-01,0.998683189000000
1967-10-01,1.478794325500000
1968-01-01,0.728074225600000
1968-04-01,0.917903004700000
1968-07-01,1.658219656300000
1968-10-01,2.069315589300000
1969-01-01,0.342723458400000
1969-04-01,2.283277518347780
1969-07-01,1.988677335815050
1969-10-01,2.180744298211290
1970-01-01,1.732273103322140
1970-04-01,0.705108152656653
1970-07-01,0.364986737627415
1970-10-01,1.401428477700000
1971-01-01,0.175665192800000
1971-04-01,1.283577031484830
1971-07-01,0.450017694800000
1971-10-01,1.764343710482530
1972-01-01,1.915655617064700
1972-04-01,-0.551768005776365
1972-07-01,0.829500286100000
1972-10-01,1.343596784863090
1973-01-01,0.919360939895442
1973-04-01,1.168632593827380
1973-07-01,2.740386961900000
1973-10-01,1.413343353414790
1974-01-01,2.886376609100000
1974-04-01,2.206619957076010
1974-07-01,3.424192228371760
1974-10-01,1.808615669500000
1975-01-01,1.917919561112180
1975-04-01,0.658082048466002
1975-07-01,0.801197833957823
1975-10-01,1.592959357650780
1976-01-01,0.687992813500000
1976-04-01,1.126866798638890
1976-07-01,1.544082398600000
1976-10-01,1.762719751133980
1977-01-01,1.517456174399490
1977-04-01,1.489846250655180
1977-07-01,0.809367653730453
1977-10-01,2.892763417000000
1978-01-01,2.608252715294280
1978-04-01,-0.114435368644394
1978-07-01,1.742676806916730
1978-10-01,1.820342539159610
1979-01-01,3.019450887624140
1979-04-01,2.148358974800000
1979-07-01,2.307653517755950
1979-10-01,2.155595779969380
1980-01-01,2.270806983900000
1980-04-01,3.780846005500000
1980-07-01,2.118554047322620
1980-10-01,1.791446972641260
1981-01-01,0.978875462000000
1981-04-01,2.638818547494060
1981-07-01,1.109519014564710
1981-10-01,2.632458490800000
1982-01-01,3.023747304472680
1982-04-01,0.754894012820673
1982-07-01,1.389048496380090
1982-10-01,0.722408330888125
1983-01-01,0.240560739447893
1983-04-01,-0.197331810131107
1983-07-01,0.036748896388938
1983-10-01,0.783475669511802
1984-01-01,0.667844989045152
1984-04-01,0.568184837298413
1984-07-01,0.977742801341019
1984-10-01,0.825690714900000
1985-01-01,0.783558090499681
1985-04-01,0.758847888822012
1985-07-01,0.200570615200000
1985-10-01,1.279147470203680
1986-01-01,0.304295584500000
1986-04-01,0.637535393198618
1986-07-01,0.702138024000000
1986-10-01,1.412586897922270
1987-01-01,0.798304681324002
1987-04-01,0.683540983518283
1987-07-01,0.818308298292325
1987-10-01,0.797397666400000
1988-01-01,1.092254785699760
1988-04-01,1.317412222963040
1988-07-01,1.001121849049370
1988-10-01,0.681787194962147
1989-01-01,0.334568065184748
1989-04-01,0.350958832439141
1989-07-01,0.587458278917374
1989-10-01,1.485086436522650
1990-01-01,0.693388533675976
1990-04-01,1.662878822379520
1990-07-01,1.053235858009690
1990-10-01,1.324020442619770
1991-01-01,0.672407754100000
1991-04-01,0.554491549673175
1991-07-01,0.692220373300000
1991-10-01,1.013432253200000
1992-01-01,0.651231351851833
1992-04-01,0.401655924000000
1992-07-01,0.102331806639477
1992-10-01,0.287465431497158
1993-01-01,0.201812022300000
1993-04-01,0.919644353377524
1993-07-01,0.298379452226638
1993-10-01,0.024442826207571
1994-01-01,-0.087972680600000
1994-04-01,0.480756727421427
1994-07-01,0.383465685827877
1994-10-01,0.081863838000000
1995-01-01,0.745120847855585
1995-04-01,0.447281437517488
1995-07-01,0.352541111112115
1995-10-01,0.319323213196432
1996-01-01,0.495433675700000
1996-04-01,-0.142526209900000
1996-07-01,0.485339782100000
1996-10-01,0.455436678772148
1997-01-01,1.161540134952130
1997-04-01,-0.398450519786364
1997-07-01,0.242529208574127
1997-10-01,1.342378727300000
1998-01-01,0.807541565420422
1998-04-01,0.943618304000000
1998-07-01,0.365474181292624
1998-10-01,-0.056706363500000
1999-01-01,0.610314160466374
1999-04-01,0.273639798621095
1999-07-01,0.095188719219586
1999-10-01,0.603671027428065
2000-01-01,3.288065981200840
2000-04-01,-1.107238291600000
2000-07-01,1.746660930746960
2000-10-01,-0.123024651883952
2001-01-01,2.331053399515140
2001-04-01,-0.805822857351168
2001-07-01,0.032683587248594
2001-10-01,-0.083671113500000
2002-01-01,-0.658928191500000
2002-04-01,0.590428429700000
2002-07-01,0.093387952111002
2002-10-01,0.783056553400000
2003-01-01,-0.317094447380317
2003-04-01,0.583091067621422
2003-07-01,-0.131236864309159
2003-10-01,0.546466409081137
2004-01-01,-0.073589190214940
2004-04-01,1.127078085982250
2004-07-01,1.214164043900000
2004-10-01,-0.114062696080597
2005-01-01,-0.180122723802190
2005-04-01,0.589605013018724
2005-07-01,0.558086582429396
2005-10-01,0.716263214872548
2006-01-01,1.164945025896770
2006-04-01,0.275642259264641
2006-07-01,0.510253297738217
2006-10-01,1.148745447869780
2007-01-01,1.965798271023880
2007-04-01,-0.143027122729222
2007-07-01,-0.265223495958555
2007-10-01,0.453983786300000
2008-01-01,1.448749989300000
2008-04-01,-0.568671885107497
2008-07-01,0.677713215677533
2008-10-01,1.629942116219630
2009-01-01,-2.594256369811490
2009-04-01,0.657597513862473
2009-07-01,-0.562597940875242
2009-10-01,-0.443603454400000
2010-01-01,-0.857786398800000
2010-04-01,0.904726450300000
2010-07-01,-0.030947023477279
2010-10-01,0.178673098983295
2011-01-01,1.851814369973880
2011-04-01,-0.309672142500000
2011-07-01,0.849182770573242
2011-10-01,-1.659900574500000
2012-01-01,1.722357384107580
2012-04-01,0.159457713683686
2012-07-01,0.415837032808408
2012-10-01,2.376193828095150
2013-01-01,-1.445523172717240
2013-04-01,0.733717725937466
2013-07-01,-0.544583014400000
2013-10-01,0.008620225200000
2014-01-01,2.376329765686710
2014-04-01,-0.854166217138597
2014-07-01,0.025333657823712
2014-10-01,1.251608538410600
2015-01-01,0.447611911733836
2015-04-01,0.562434181925386
2015-07-01,0.333115497870695
2015-10-01,0.286115409500000
2016-01-01,-0.032659535747104
2016-04-01,0.284604699449575
2016-07-01,0.063766566900000
2016-10-01,0.487949060815662
2017-01-01,0.657839763836421
2017-04-01,0.481983809289233
2017-07-01,0.481950957093891
2017-10-01,0.739563911900000
2018-01-01,0.397435299600000
2018-04-01,0.413763698321312
2018-07-01,0.726087609913706
2018-10-01,0.452557597334113
2019-01-01,1.248445201490210
2019-04-01,-0.477739233955699
2019-07-01,-0.480136067062187
2019-10-01,0.705569689491492
2020-01-01,2.771656237070320
2020-04-01,2.093551975100000
2020-07-01,-2.766445161900000
2020-10-01,2.375886495300760
2021-01-01,-0.324750350600000
2021-04-01,0.911327833148090
2021-07-01,1.704960629000000
2021-10-01,0.665738474219779
2022-01-01,1.346258915841920
2022-04-01,0.651328434626919
2022-07-01,1.444250584698680
2022-10-01,-0.152882911151031
2023-01-01,0.908837412281094
2023-04-01,0.552077675457330
2023-07-01,0.500753045974278
2023-10-01,0.423189533430302
2024-01-01,1.657755949555770
2024-04-01,0.368780597186036
2024-07-01,0.328315906115639
2024-10-01,0.677535780980487
2025-01-01,1.507710486765260
2025-04-01,-0.290649913158025
2025-07-01,0.272460847731271
